2021_us_rank,name,2021_net worth
1,jeff bezos,179
2,bill gates,111
3,mark zuckerberg,85
4,warren buffett,73.5
5,larry ellison,72
6,steve ballmer,69
7,elon musk,68
8,larry page,67.5
9,sergey brin,65.7
10,alice walton,62.3
11,jim walton,62.1
12,rob walton,61.8
13,mackenzie scott,57
14,michael bloomberg,55
15,charles koch,45
15,julia koch,45
17,phil knight,39.2
18,michael dell,35.6
19,sheldon adelson,29.8
20,jacqueline mars,29
20,john mars,29
22,len blavatnik,25
23,jim simons,23.5
24,stephen schwarzman,19.1
25,leonard lauder,17.4
26,pierre omidyar,17.2
26,thomas peterffy,17.2
28,rupert murdoch,17.1
29,ray dalio,16.9
30,laurene powell jobs,16
31,lukas walton,15.4
32,donald bren,15.3
33,eric schmidt,15.1
34,ken griffin,15
34,abigail johnson,15
36,steve cohen,14.5
37,john menard,14.2
37,dustin moskovitz,14.2
39,carl icahn,14
40,donald newhouse,13.7
41,david tepper,13
42,thomas frist,11.6
43,david duffield,11
43,eric yuan,11
45,carl cook,10.5
45,john doerr,10.5
45,robert pera,10.5
48,gordon moore,10.3
49,hank & doug meijer,10.2
50,philip anschutz,10.1
51,jensen huang,9.8
51,jan koum,9.8
53,ernest garcia,9.6
54,charles ergen,9.3
55,leon black,8.7
56,jerry jones,8.6
56,george soros,8.6
58,ann walton kroenke,8.4
59,herbert kohler,8.3
59,stanley kroenke,8.3
61,jim kennedy,8.2
61,tom & judy love,8.2
61,blair parry-okeden,8.2
61,steven rales,8.2
65,david geffen,8.1
66,shahid khan,7.8
67,andrew beal,7.6
67,david green,7.6
69,marc benioff,7.5
69,daniel gilbert,7.5
69,nancy walton laurie,7.5
72,edward johnson,7.4
72,bernard marcus,7.4
74,israel englander,7.2
74,marijke mars,7.2
74,pamela mars,7.2
74,valerie mars,7.2
74,victoria mars,7.2
74,stephen ross,7.2
74,christy walton,7.2
81,bubba cathy,7.1
81,dan cathy,7.1
81,stewart and lynda resnick,7.1
84,diane hendricks,7
85,eli broad,6.9
85,jay chaudhry,6.9
85,chase coleman,6.9
85,jim davis,6.9
85,charles schwab,6.9
90,jack dorsey,6.8
91,reinhold schmieding,6.7
91,patrick soon-shiong,6.7
93,robert kraft,6.6
93,george roberts,6.6
95,james goodnight,6.5
95,john malone,6.5
95,john overdeck,6.5
95,david shaw,6.5
95,david siegel,6.5
95,david sun,6.5
95,john tu,6.5
102,henry kravis,6.4
103,richard kinder,6.2
103,ronald perelman,6.2
105,arthur blank,6.1
105,dennis washington,6.1
107,john a. sobrato,6
108,paul tudor jones,5.8
109,tom gores,5.7
110,micky arison,5.6
110,jack dangermond,5.6
110,ralph lauren,5.6
110,mitchell rales,5.6
110,ronda stryker,5.6
115,rocco commisso,5.5
115,judy faulkner,5.5
115,edward roski,5.5
115,jeff skoll,5.5
119,george lucas,5.4
119,j. christopher reyes,5.4
119,jude reyes,5.4
119,harry stine,5.4
123,bruce kovner,5.3
123,tim sweeney,5.3
125,james chambers,5.2
125,katharine rayner,5.2
125,robert f. smith,5.2
125,margaretta taylor,5.2
129,harold hamm,5.1
129,joshua harris,5.1
129,terrence pegula,5.1
132,reed hastings,5
132,walter scott,5
132,daniel ziff,5
132,dirk ziff,5
132,robert ziff,5
137,george kaiser,4.9
137,pauline macmillan keinath,4.9
139,dannine avara,4.8
139,robert bass,4.8
139,charles dolan,4.8
139,scott duncan,4.8
139,milane frantz,4.8
139,ted lerner,4.8
139,gary rollins,4.8
139,meg whitman,4.8
139,randa duncan williams,4.8
148,ronald lauder,4.7
148,bobby murphy,4.7
148,randall rollins*,4.7
148,henry samueli,4.7
148,eric smidt,4.7
148,sam zell,4.7
154,bert beveridge,4.6
154,stephen bisciotti,4.6
154,tamara gustavson,4.6
154,ray lee hunt,4.6
154,ken langone,4.6
154,douglas leone,4.6
154,ronald wanek,4.6
161,peter gassner,4.5
161,michael moritz,4.5
161,isaac perlmutter,4.5
161,charles simonyi,4.5
161,evan spiegel,4.5
161,les wexner,4.5
167,stanley druckenmiller,4.4
167,martha ingram,4.4
167,sheldon solow,4.4
170,john brown,4.3
170,dagmar dolby,4.3
170,ken fisher,4.3
170,charles b. johnson,4.3
170,igor olenicoff,4.3
170,julian robertson,4.3
170,richard schulze,4.3
177,mark cuban,4.2
177,ernest garcia,4.2
177,john paulson,4.2
177,leonard stern,4.2
181,tilman fertitta,4.1
181,dan friedkin,4.1
181,john morris,4.1
181,karen pritzker,4.1
181,alan trefler,4.1
186,margot birmingham perot,4
186,neil bluhm,4
186,david bonderman,4
186,marian ilitch,4
186,min kao,4
186,jane lauder,4
186,sami mnaymneh,4
186,gabe newell,4
186,marc rowan,4
186,tony tamer,4
186,steven udvar-hazy,4
197,rick caruso,3.9
197,jonathan gray,3.9
197,jeff greene,3.9
197,h. fisk johnson,3.9
197,s. curtis johnson,3.9
197,helen johnson-leipold,3.9
197,joe mansueto,3.9
197,winifred j. marquart,3.9
197,janice mcnair,3.9
197,henry nicholas,3.9
197,robert rowling,3.9
197,fred smith,3.9
209,robert rich,3.8
209,howard schultz,3.8
209,donald sterling,3.8
209,don vultaggio,3.8
213,orlando bravo,3.7
213,scott cook,3.7
213,thomas hagen,3.7
213,mary alice dorrance malone,3.7
213,michael milken,3.7
213,steven spielberg,3.7
213,david steward,3.7
213,mark walter,3.7
213,russ weiner,3.7
222,jeffery hildebrand,3.6
222,richard lefrak,3.6
222,rodger riney,3.6
222,thomas siebel,3.6
222,paul singer,3.6
222,jon stryker,3.6
228,charles cohen,3.5
228,amos hostetter,3.5
228,edward johnson,3.5
228,anthony pritzker,3.5
228,thomas pritzker,3.5
228,trevor rees-jones,3.5
228,antony ressler,3.5
228,michael rubin,3.5
228,frank vandersloot,3.5
228,anthony wood,3.5
238,daniel d'aniello,3.4
238,jim davis,3.4
238,tom golisano,3.4
238,elizabeth johnson,3.4
238,john middleton,3.4
238,arturo moreno,3.4
238,jay paul,3.4
238,j.b. pritzker,3.4
238,david rubenstein,3.4
238,lynn schusterman,3.4
238,romesh t. wadhwani,3.4
249,john arnold,3.3
249,gayle benson,3.3
249,neal blue,3.3
249,david filo,3.3
249,johnelle hunt,3.3
249,rupert johnson,3.3
249,trevor milton,3.3
249,jeff rothschild,3.3
249,thomas secunda,3.3
249,jerry speyer,3.3
249,ken xie,3.3
260,archie aldis emmerson,3.2
260,don hankey,3.2
260,daniel och,3.2
260,patrick ryan,3.2
260,john sall,3.2
260,bernard saul,3.2
260,barry sternlicht,3.2
260,denise york,3.2
268,nathan blecharczyk,3.1
268,brian chesky,3.1
268,joe gebbia,3.1
268,steven klinsky,3.1
268,thai lee,3.1
268,eric lefkofsky,3.1
268,gwendolyn sontheim meyer,3.1
268,mark stevens,3.1
268,herbert wertheim,3.1
268,william wrigley,3.1
278,ben ashkenazy,3
278,william conway,3
278,barry diller,3
278,bennett dorrance,3
278,allan goldman,3
278,jane goldman,3
278,amy goldman fowler,3
278,james irsay,3
278,peter kellogg,3
278,diane kemper,3
278,osman kibar,3
278,sheldon lavin,3
278,james leprino,3
278,joseph liemandt,3
278,lynsi snyder,3
278,jeff sutton,3
278,steve wynn,3
295,ron baron,2.9
295,jimmy haslam,2.9
295,daniel loeb,2.9
295,haim saban,2.9
299,william berkley,2.8
299,norman braman,2.8
299,nick caporella,2.8
299,austen cargill,2.8
299,james cargill,2.8
299,john catsimatidis,2.8
299,steve conine,2.8
299,john henry,2.8
299,b. wayne hughes,2.8
299,william lauder,2.8
299,pablo legorreta,2.8
299,marianne liebmann,2.8
299,stephen mandel,2.8
299,drayton mclane,2.8
299,ira rennert,2.8
299,alejandro santo domingo,2.8
299,andres santo domingo,2.8
299,niraj shah,2.8
299,todd wanek,2.8
299,kelcy warren,2.8
319,john paul dejoria,2.7
319,james jannard,2.7
319,chris larsen,2.7
319,jeffrey lurie,2.7
319,sean parker,2.7
319,richard peery,2.7
319,penny pritzker,2.7
319,mark shoen,2.7
327,jeff green,2.6
327,jeremy jacobs,2.6
327,travis kalanick,2.6
327,jim koch,2.6
327,aerin lauder,2.6
327,jean (gigi) pritzker,2.6
327,herb simon,2.6
327,dan snyder,2.6
327,warren stephens,2.6
327,oprah winfrey,2.6
327,jon yarbrough,2.6
327,mortimer zuckerman,2.6
339,brian acton,2.5
339,john arrillaga,2.5
339,leon g. cooperman,2.5
339,phillip frost,2.5
339,brad kelley,2.5
339,c. dean metropoulos,2.5
339,h. ross perot,2.5
339,john pritzker,2.5
339,rodney sacks,2.5
339,leonard schleifer,2.5
339,pat stryker,2.5
339,glen taylor,2.5
339,donald trump,2.5
339,vincent viola,2.5
353,jim breyer,2.4
353,james clark,2.4
353,john fisher,2.4
353,vinod khosla,2.4
353,daniel pritzker,2.4
353,charles zegar,2.4
359,sid bass,2.3
359,aneel bhusri,2.3
359,todd christopher,2.3
359,jim coulter,2.3
359,doris fisher,2.3
359,rakesh gangwal,2.3
359,valentin gapontsev,2.3
359,noam gottesman,2.3
359,joseph grendys,2.3
359,jim kavanaugh,2.3
359,clayton mathile,2.3
359,stewart rahr,2.3
359,chad richison,2.3
359,phil ruffin,2.3
359,brian sheth,2.3
359,e. joe shoen,2.3
359,kavitark ram shriram,2.3
359,ty warner,2.3
359,jerry yang,2.3
378,bill austin,2.2
378,timothy boyle,2.2
378,robert duggan,2.2
378,david gottesman,2.2
378,jeffrey gundlach,2.2
378,jim mckelvey,2.2
378,bob parsons,2.2
378,phillip t. (terry) ragon,2.2
378,j. joe ricketts,2.2
378,alice schwartz,2.2
378,ted turner,2.2
378,david walentas,2.2
378,evan williams,2.2
391,william ackman,2.1
391,jose e. feliciano,2.1
391,gerald ford,2.1
391,gordon getty,2.1
391,alec gores,2.1
391,bradley jacobs,2.1
391,bruce karsh,2.1
391,howard marks,2.1
391,william stone,2.1
391,peter thiel,2.1
