2018_rank,name,2018_net_worth,2018_age,2018_source,2018_country,2020_rank,2020_net_worth,2020_age,2020_country,2020_source,2020_broad_source,2018_industry,founder,some_wealth_inheritance,major_wealth_inheritance,ethnicity,misc,gender_x,2021_us_rank,2021_net worth
1,jeff bezos,131,55,amazon,united states,1,113,56,united states,amazon,technology,tech,yes,no,no,white,,male,1,179
2,bill gates,96.5,63,microsoft,united states,2,98,64,united states,microsoft,technology,tech,yes,no,no,white,,male,2,111
3,warren buffett,82.5,88,berkshire hathaway,united states,4,67.5,89,united states,berkshire hathaway,finance & investments,investment,no,no,no,white,,male,4,73.5
7,larry ellison,62.5,74,software,united states,5,59,75,united states,software,technology,tech,yes,no,no,white,jewish,male,5,72
8,mark zuckerberg,62.3,35,facebook,united states,7,54.7,35,united states,facebook,technology,tech,yes,no,no,white,jewish,male,3,85
16,jim walton,44.6,71,walmart,united states,8,54.6,71,united states,walmart,fashion & retail,retail,no,yes,yes,white,,male,11,62.1
17,alice walton,44.4,69,walmart,united states,9,54.4,69,united states,walmart,fashion & retail,retail,no,yes,yes,white,,female,10,62.3
17,alice walton,44.4,69,walmart,united states,16,54.4,70,united states,walmart,fashion & retail,retail,no,yes,yes,white,,female,10,62.3
18,rob walton,44.3,74,walmart,united states,17,54.1,75,united states,walmart,fashion & retail,retail,no,yes,yes,white,,male,12,61.8
19,steve ballmer,41.2,63,microsoft,united states,18,52.7,64,united states,microsoft,technology,tech,yes,no,no,white,,male,6,69
10,larry page,50.8,46,google,united states,20,50.9,47,united states,google,technology,tech,yes,no,no,white,jewish,male,8,67.5
14,sergey brin,49.8,45,google,united states,10,49.1,46,united states,google,technology,tech,yes,no,no,white,,male,9,65.7
9,michael bloomberg,55.5,77,bloomberg lp,united states,14,48,78,united states,bloomberg lp,media & entertainment,tech,yes,no,no,white,jewish,male,14,55
11,charles koch,50.5,83,koch industries,united states,9,38.2,84,united states,koch industries,diversified,heavy industry,no,yes,no,white,,male,15,45
24,sheldon adelson,35.1,85,casinos,united states,11,26.8,86,united states,casinos,gambling & casinos,gambling,yes,no,no,white,jewish,male,19,29.8
33,jacqueline mars,23.9,79,candy,united states,29,24.7,80,yes,candy,pet food,food,no,yes,yes,white,,female,20,29
33,jacqueline mars,23.9,79,candy,united states,29,24.7,80,united states,candy,pet food,food,no,yes,yes,white,,female,20,29
33,john mars,23.9,83,candy,united states,35,24.7,84,united states,candy,pet food,food,no,yes,yes,white,,male,20,29
40,elon musk,22.3,48,tesla motors,united states,36,24.6,48,united states,tesla,spacex,automotive,yes,no,no,white,,male,7,68
25,michael dell,34.3,54,dell computers,united states,44,22.9,55,united states,dell computers,technology,tech,yes,no,no,white,jewish,male,18,35.6
44,jim simons,21.5,81,hedge funds,united states,29,21.6,81,united states,hedge funds,finance & investments,finance,no,no,no,white,,male,23,23.5
75,lukas walton,15.2,32,walmart,united states,46,18.4,33,united states,walmart,fashion & retail,retail,no,yes,yes,white,,male,31,15.4
57,ray dalio,18.4,69,hedge funds,united states,81,18,70,united states,hedge funds,finance & investments,investment,yes,no,no,white,,male,29,16.9
59,len blavatnik,17.7,62,diversified,united states,59,17,62,united states,diversified,diversified,investment,no,no,no,white,jewish,male,22,25
68,donald bren,16.4,87,real estate,united states,63,15.5,87,united states,real estate,real estate,real estate,no,no,no,white,jewish,male,32,15.3
100,stephen schwarzman,13.2,72,investments,united states,72,15.4,73,united states,investments,finance & investments,investment,no,no,no,white,jewish,male,24,19.1
82,leonard lauder,14.6,82,estee lauder,united states,101,14.6,83,united states,estee lauder,fashion & retail,fashion,no,yes,yes,white,jewish,male,25,17.4
63,thomas peterffy,17.1,74,discount brokerage,united states,85,14.3,75,united states,discount brokerage,finance & investments,finance,yes,no,no,white,,male,26,17.2
101,steve cohen,12.9,63,hedge funds,united states,65,13.9,63,united states,hedge funds,finance & investments,investment,no,no,no,white,jewish,male,36,14.5
61,carl icahn,17.4,83,investments,united states,103,13.8,84,united states,investments,finance & investments,investment,no,no,no,white,jewish,male,39,14
101,eric schmidt,12.9,64,google,united states,65,13.2,64,united states,google,technology,tech,no,no,no,white,,male,33,15.1
117,ken griffin,11.7,50,hedge funds,united states,105,12.1,51,united states,hedge funds,finance & investments,investment,yes,yes,no,white,,male,34,15
118,david tepper,11.6,61,hedge funds,united states,118,12,62,united states,hedge funds,finance & investments,investment,no,no,no,white,jewish,male,41,13
120,pierre omidyar,11.4,52,ebay,united states,118,11,52,united states,ebay,paypal,tech,yes,no,no,middle eastern,,male,26,17.2
128,philip anschutz,10.9,79,investments,united states,124,11,80,united states,investments,finance & investments,investment,no,yes,no,white,,male,50,10.1
114,donald newhouse,11.8,89,media,united states,75,10.8,90,united states,media,media & entertainment,media,no,yes,yes,white,,female,40,13.7
114,donald newhouse,11.8,89,media,united states,124,10.8,90,united states,media,media & entertainment,media,no,yes,yes,white,,male,40,13.7
71,abigail johnson,15.6,57,money management,united states,129,10.8,58,united states,money management,finance & investments,finance,no,yes,yes,white,,female,34,15
224,hank & doug meijer,6.8,67,supermarkets,united states,118,10.2,,united states,supermarkets,fashion & retail,retail,no,yes,yes,white,,male,49,10.2
167,stanley kroenke,8.7,71,sports,united states,224,10,72,united states,sports,real estate,real estate,no,yes,yes,white,,male,59,8.3
140,gordon moore,9.7,90,intel,united states,169,9.8,91,united states,intel,technology,tech,yes,no,no,white,,male,48,10.3
143,jan koum,9.6,43,whatsapp,united states,145,9.7,44,united states,whatsapp,technology,tech,yes,no,no,white,jewish,male,51,9.8
122,dustin moskovitz,11.1,35,facebook,united states,147,9.3,35,united states,facebook,technology,tech,yes,no,no,white,jewish,male,37,14.2
203,christy walton,7.2,70,walmart,united states,165,8.9,71,united states,walmart,fashion & retail,retail,no,yes,yes,white,,male,74,7.2
178,george soros,8.3,88,hedge funds,united states,205,8.3,89,united states,hedge funds,finance & investments,finance,no,no,no,white,jewish,male,56,8.6
224,jerry jones,6.8,76,dallas cowboys,united states,179,8,77,united states,dallas cowboys,sports,sports,no,yes,no,white,,male,56,8.6
178,carl cook,8.3,56,medical devices,united states,183,8,57,united states,medical devices,healthcare,healthcare,no,yes,yes,white,,male,45,10.5
244,ann walton kroenke,6.5,70,walmart,united states,162,7.9,71,united states,walmart,fashion & retail,retail,no,yes,yes,white,,female,58,8.4
158,andrew beal,9.1,66,banks,united states,224,7.9,67,united states,banks,real estate,finance,yes,no,no,white,,female,67,7.6
224,shahid khan,6.8,69,auto parts,united states,248,7.8,69,united states,auto parts,automotive,automotive,yes,no,no,asian,pakistani,male,66,7.8
153,blair parry-okeden,9.3,69,media,united states,157,7.6,69,united states,media,automotive,media,no,yes,yes,white,,male,61,8.2
187,david geffen,7.8,76,movies,united states,159,7.6,77,united states,movies,record labels,media,yes,no,no,white,,male,65,8.1
191,stephen ross,7.6,79,real estate,united states,185,7.6,79,united states,real estate,real estate,real estate,no,no,no,white,jewish,male,74,7.2
153,jim kennedy,9.3,71,media,united states,224,7.6,72,united states,media,automotive,media,no,yes,yes,white,,male,61,8.2
114,david duffield,11.8,78,business software,united states,193,7.5,79,united states,business software,technology,tech,yes,no,no,white,,male,43,11
209,david shaw,7,68,hedge funds,united states,117,7.3,69,united states,hedge funds,finance & investments,finance,no,no,no,white,jewish,male,95,6.5
215,john doerr,6.9,68,venture capital,united states,208,7.3,68,united states,venture capital,technology,investment,no,no,no,white,,male,45,10.5
303,nancy walton laurie,5.7,68,walmart,united states,211,7.1,68,united states,walmart,fashion & retail,retail,no,yes,yes,white,,female,69,7.5
303,nancy walton laurie,5.7,68,walmart,united states,206,7.1,68,united states,walmart,fashion & retail,retail,no,yes,yes,white,,female,69,7.5
215,robert pera,6.9,41,wireless networking gear,united states,308,7,42,united states,wireless networking gear,technology,tech,yes,no,no,white,,male,45,10.5
244,robert kraft,6.5,78,new england patriots,united states,155,6.9,78,united states,new england patriots,sports,sports,yes,yes,no,white,jewish,male,93,6.6
149,ronald perelman,9.4,76,leveraged buyouts,united states,221,6.9,77,united states,leveraged buyouts,finance & investments,investment,no,no,no,white,jewish,male,103,6.2
257,diane hendricks,6.3,72,roofing,united states,211,6.9,73,united states,roofing,construction & engineering,heavy industry,no,yes,yes,white,,female,84,7
257,diane hendricks,6.3,72,roofing,united states,248,6.9,73,united states,roofing,construction & engineering,misc,no,yes,yes,white,,female,84,7
365,j. christopher reyes,4.9,65,food distribution,united states,230,6.8,66,united states,food distribution,food & beverage,beverages,no,yes,no,white,,male,119,5.4
233,eli broad,6.7,86,investments,united states,253,6.8,86,united states,investments,finance & investments,investment,yes,no,no,white,jewish,male,85,6.9
365,jude reyes,4.9,63,food distribution,united states,349,6.8,64,united states,food distribution,food & beverage,beverages,no,yes,no,white,,male,119,5.4
178,charles schwab,8.3,81,discount brokerage,united states,349,6.7,82,united states,discount brokerage,finance & investments,finance,yes,no,no,white,,male,85,6.9
252,leon black,6.4,67,private equity,united states,179,6.6,68,united states,private equity,finance & investments,investment,yes,no,no,white,jewish,male,55,8.7
252,israel englander,6.4,70,hedge funds,united states,253,6.6,71,united states,hedge funds,finance & investments,investment,no,no,no,white,jewish,male,74,7.2
233,daniel gilbert,6.7,57,quicken loans,united states,253,6.5,58,united states,quicken loans,finance & investments,finance,yes,no,no,white,jewish,male,69,7.5
209,patrick soon-shiong,7,66,pharmaceuticals,united states,230,6.4,67,united states,pharmaceuticals,healthcare,healthcare,yes,no,no,asian,,male,91,6.7
272,marijke mars,6,54,candy,united states,211,6.2,55,united states,candy,pet food,food,no,yes,yes,white,,female,74,7.2
272,marijke mars,6,54,candy,united states,248,6.2,55,united states,candy,pet food,food,no,yes,yes,white,,female,74,7.2
272,pamela mars,6,58,candy,united states,286,6.2,59,united states,candy,pet food,food,no,yes,yes,white,,female,74,7.2
272,pamela mars,6,58,candy,united states,248,6.2,59,united states,candy,pet food,food,no,yes,yes,white,,female,74,7.2
272,valerie mars,6,60,candy,united states,286,6.2,61,united states,candy,pet food,food,no,yes,yes,white,,female,74,7.2
272,valerie mars,6,60,candy,united states,248,6.2,61,united states,candy,pet food,food,no,yes,yes,white,,female,74,7.2
272,victoria mars,6,62,candy,united states,293,6.2,63,united states,candy,pet food,food,no,yes,yes,white,,female,74,7.2
272,victoria mars,6,62,candy,united states,248,6.2,63,united states,candy,pet food,food,no,yes,yes,white,,female,74,7.2
267,john overdeck,6.1,49,hedge funds,united states,169,6.1,50,united states,hedge funds,finance & investments,investment,no,no,no,white,,male,95,6.5
267,david siegel,6.1,58,hedge funds,united states,268,6.1,58,united states,hedge funds,finance & investments,real estate,yes,no,no,white,jewish,male,95,6.5
162,james goodnight,8.9,76,software,united states,293,6.1,77,united states,software,technology,tech,yes,no,no,white,,male,95,6.5
239,marc benioff,6.6,54,business software,united states,200,5.8,55,united states,business software,technology,tech,yes,no,no,white,jewish,male,69,7.5
272,steven rales,6,68,manufacturing,united states,237,5.8,69,united states,manufacturing,manufacturing,heavy industry,no,no,yes,white,,male,61,8.2
203,john malone,7.2,78,cable television,united states,274,5.8,79,united states,cable television,media & entertainment,media,no,no,no,white,,male,95,6.5
504,tom gores,4,54,private equity,united states,216,5.7,55,united states,private equity,finance & investments,investment,no,no,no,middle eastern,,male,109,5.7
215,ralph lauren,6.9,79,ralph lauren,united states,293,5.7,80,united states,apparel,fashion & retail,fashion,yes,no,no,white,,male,110,5.6
191,george kaiser,7.6,76,oil & gas,united states,514,5.6,77,united states,oil & gas,banking,energy,no,yes,no,white,,male,137,4.9
290,dennis washington,5.9,84,construction,united states,193,5.5,85,united states,construction,mining,heavy industry,no,yes,yes,white,,male,105,6.1
143,charles ergen,9.6,66,satellite tv,united states,304,5.4,67,united states,satellite tv,media & entertainment,media,yes,no,no,white,,male,54,9.3
272,reinhold schmieding,6,64,medical devices,united states,147,5.3,65,united states,medical devices,healthcare,healthcare,yes,no,no,white,,male,91,6.7
317,george roberts,5.5,75,private equity,united states,293,5.3,76,united states,private equity,finance & investments,investment,yes,no,no,white,jewish,male,93,6.6
337,bruce kovner,5.2,74,hedge funds,united states,320,5.3,75,united states,hedge funds,finance & investments,investment,no,no,no,white,jewish,male,123,5.3
317,henry kravis,5.5,75,private equity,united states,241,5.2,76,united states,private equity,finance & investments,investment,yes,no,no,white,jewish,male,102,6.4
239,richard kinder,6.6,74,pipelines,united states,330,5.2,75,united states,pipelines,energy,heavy industry,yes,no,no,white,,male,103,6.2
261,james chambers,6.2,62,media,united states,165,5.1,62,united states,media,automotive,media,no,yes,yes,white,,male,125,5.2
261,katharine rayner,6.2,74,media,united states,253,5.1,75,united states,media,automotive,media,no,yes,yes,white,,female,125,5.2
261,margaretta taylor,6.2,77,media,united states,320,5.1,77,united states,media,media,media,no,yes,yes,white,,female,125,5.2
261,margaretta taylor,6.2,77,media,united states,253,5.1,77,united states,media,automotive,media,no,yes,yes,white,,female,125,5.2
162,micky arison,8.9,70,carnival cruises,united states,320,5.1,70,united states,carnival cruises,service,misc,no,yes,yes,white,jewish,male,110,5.6
355,robert f. smith,5,56,private equity,united states,253,5,57,united states,private equity,finance & investments,investment,no,no,no,black,black,male,125,5.2
379,daniel ziff,4.8,47,investments,united states,345,5,48,united states,investments,finance & investments,media,no,yes,yes,white,jewish,male,132,5
379,dirk ziff,4.8,55,investments,united states,361,5,56,united states,investments,finance & investments,media,no,yes,yes,white,jewish,male,132,5
379,robert ziff,4.8,52,investments,united states,361,5,53,united states,investments,finance & investments,media,no,yes,yes,white,jewish,male,132,5
424,terrence pegula,4.5,68,natural gas,united states,361,5,69,united states,natural gas,energy,energy,no,no,no,white,,male,129,5.1
379,karen pritzker,4.8,61,hotels,united states,648,4.9,62,united states,hotels,investments,hotels,no,yes,yes,white,jewish,female,181,4.1
379,karen pritzker,4.8,61,hotels,united states,345,4.9,62,united states,hotels,hotels,hotels,no,yes,yes,white,,female,181,4.1
317,sam zell,5.5,77,real estate,united states,216,4.8,78,united states,real estate,private equity,real estate,no,no,no,white,,female,148,4.7
215,pauline macmillan keinath,6.9,85,cargill,united states,361,4.8,86,united states,cargill,food & beverage,heavy industry,no,yes,yes,white,,female,137,4.9
413,stanley druckenmiller,4.6,66,hedge funds,united states,320,4.7,66,united states,hedge funds,finance & investments,investment,no,no,no,white,,male,167,4.4
546,jensen huang,3.8,56,semiconductors,united states,414,4.7,57,united states,semiconductors,technology,tech,yes,no,no,asian,,male,51,9.8
337,bernard marcus,5.2,90,home depot,united states,330,4.6,90,united states,home depot,fashion & retail,retail,yes,no,no,white,jewish,male,72,7.4
394,arthur blank,4.7,76,home depot,united states,330,4.6,77,united states,home depot,sports,retail,yes,no,no,white,jewish,male,105,6.1
325,george lucas,5.4,75,star wars,united states,538,4.6,75,united states,star wars,media & entertainment,media,yes,no,no,white,,male,119,5.4
394,ray lee hunt,4.7,76,oil,united states,375,4.4,77,united states,oil,real estate,energy,no,yes,yes,white,,male,154,4.6
298,ronda stryker,5.8,65,medical equipment,united states,414,4.3,65,united states,medical equipment,healthcare,healthcare,no,yes,yes,white,,female,110,5.6
298,ronda stryker,5.8,65,medical equipment,united states,375,4.3,65,united states,medical equipment,healthcare,healthcare,no,yes,yes,white,,female,110,5.6
394,tilman fertitta,4.7,62,houston rockets,united states,308,4.3,62,united states,houston rockets,entertainment,sports,yes,yes,no,white,,male,181,4.1
478,mark cuban,4.1,60,online media,united states,375,4.3,61,united states,online media,media & entertainment,tech,yes,no,no,white,,male,177,4.2
355,john paulson,5,63,hedge funds,united states,330,4.2,64,united states,hedge funds,finance & investments,investment,no,no,no,white,,male,177,4.2
394,david sun,4.7,67,computer hardware,united states,345,4.2,68,united states,computer hardware,technology,tech,yes,no,no,asian,,male,95,6.5
394,john tu,4.7,77,computer hardware,united states,401,4.2,78,united states,computer hardware,technology,tech,yes,no,no,asian,,male,95,6.5
472,stephen bisciotti,4.2,59,staffing,united states,414,4.2,59,united states,staffing,baltimore ravens,misc,yes,no,no,white,,male,154,4.6
337,sheldon solow,5.2,90,real estate,united states,468,4.2,91,united states,real estate,real estate,real estate,no,no,no,white,jewish,male,167,4.4
568,nathan blecharczyk,3.7,36,airbnb,united states,468,4.1,36,united states,airbnb,technology,tech,yes,no,no,white,,male,268,3.1
568,brian chesky,3.7,37,airbnb,united states,538,4.1,38,united states,airbnb,technology,tech,yes,no,no,white,,male,268,3.1
568,joe gebbia,3.7,37,airbnb,united states,538,4.1,38,united states,airbnb,technology,tech,yes,no,no,white,,male,268,3.1
504,jack dangermond,4,73,mapping software,united states,494,4,74,united states,mapping software,technology,tech,yes,no,no,white,,male,110,5.6
504,jerry speyer,4,79,real estate,united states,494,4,79,united states,real estate,real estate,real estate,yes,no,no,white,jewish,male,249,3.3
529,ronald lauder,3.9,75,estee lauder,united states,514,4,76,united states,estee lauder,fashion & retail,fashion,no,yes,yes,white,jewish,male,148,4.7
546,janice mcnair,3.8,82,energy,united states,514,4,83,united states,energy,sports,energy,no,yes,yes,white,,female,197,3.9
617,joshua harris,3.5,54,private equity,united states,538,4,55,united states,private equity,finance & investments,investment,no,no,no,white,jewish,male,129,5.1
478,russ weiner,4.1,49,energy drinks,united states,565,4,49,united states,energy drinks,food & beverage,beverages,yes,yes,no,white,jewish,male,213,3.7
504,igor olenicoff,4,76,real estate,united states,451,3.9,77,united states,real estate,real estate,real estate,no,no,no,white,russian,male,170,4.3
529,steven udvar-hazy,3.9,73,aircraft leasing,united states,514,3.9,74,united states,aircraft leasing,service,misc,yes,no,no,white,hungarian,male,186,4
617,ken fisher,3.5,68,money management,united states,538,3.9,69,united states,money management,finance & investments,investment,no,yes,no,white,jewish,male,170,4.3
452,isaac perlmutter,4.3,76,marvel comics,united states,616,3.9,77,united states,marvel comics,media & entertainment,media,no,no,no,white,jewish,male,161,4.5
478,marian ilitch,4.1,86,little caesars,united states,468,3.8,87,united states,little caesars,food & beverage,food,yes,no,no,white,,female,186,4
529,harry stine,3.9,77,agriculture,united states,484,3.8,78,united states,agriculture,food & beverage,heavy industry,yes,yes,no,white,,female,119,5.4
804,mary alice dorrance malone,2.8,69,campbell soup,united states,538,3.8,70,united states,campbell soup,food & beverage,food,no,yes,yes,white,,female,213,3.7
452,jeff sutton,4.3,59,real estate,united states,616,3.8,60,united states,real estate,real estate,real estate,no,no,no,white,jewish,male,278,3
504,neil bluhm,4,81,real estate,united states,451,3.7,82,united states,real estate,real estate,real estate,no,no,no,white,jewish,male,186,4
504,reed hastings,4,58,netflix,united states,494,3.7,59,united states,netflix,media & entertainment,tech,yes,no,no,white,,male,132,5
597,michael milken,3.6,73,investments,united states,514,3.7,73,united states,investments,finance & investments,investment,no,no,no,white,jewish,male,213,3.7
597,mitchell rales,3.6,62,manufacturing,united states,616,3.7,63,united states,manufacturing,investments,heavy industry,no,yes,no,white,,male,110,5.6
645,jeff greene,3.4,64,real estate,united states,616,3.7,65,united states,real estate,investments,real estate,no,no,no,white,,male,197,3.9
667,david bonderman,3.3,76,private equity,united states,648,3.7,77,united states,private equity,finance & investments,investment,no,no,no,white,jewish,male,186,4
290,dannine avara,5.9,55,pipelines,united states,514,3.6,56,united states,pipelines,energy,heavy industry,no,yes,yes,white,,female,139,4.8
290,dannine avara,5.9,55,pipelines,united states,680,3.6,56,united states,pipelines,energy,heavy industry,no,yes,yes,white,,female,139,4.8
452,trevor rees-jones,4.3,67,oil & gas,united states,836,3.7,68,united states,oil & gas,energy,energy,yes,no,no,white,,male,228,3.5
290,scott duncan,5.9,36,pipelines,united states,293,3.6,37,united states,pipelines,energy,heavy industry,no,yes,yes,white,,male,139,4.8
290,milane frantz,5.9,49,pipelines,united states,293,3.6,50,united states,pipelines,energy,heavy industry,no,yes,yes,white,,female,139,4.8
452,gary rollins,4.3,74,pest control,united states,293,3.6,75,united states,pest control,service,misc,no,yes,yes,white,,male,139,4.8
568,steven spielberg,3.7,72,movies,united states,538,3.6,73,united states,movies,media & entertainment,media,no,no,no,white,jewish,male,213,3.7
597,donald sterling,3.6,85,real estate,united states,590,3.6,85,united states,real estate,real estate,real estate,no,no,no,white,jewish,male,209,3.8
745,lynsi snyder,3,37,in-n-out burger,united states,616,3.6,37,united states,in-n-out burger,food & beverage,food,no,yes,yes,white,,female,278,3
775,thomas siebel,2.9,66,business software,united states,764,3.6,67,united states,business software,technology,tech,yes,no,no,white,,male,222,3.6
472,frank vandersloot,4.2,70,nutrition,united states,451,3.5,71,united states,nutrition,wellness products,retail,yes,no,no,white,,male,228,3.5
504,ben ashkenazy,4,49,real estate,united states,494,3.5,50,united states,real estate,real estate,real estate,no,no,no,white,jewish,male,278,3
529,gabe newell,3.9,56,videogames,united states,494,3.5,57,united states,videogames,gambling & casinos,tech,yes,no,no,white,,male,186,4
568,douglas leone,3.7,62,venture capital,united states,538,3.5,62,united states,venture capital,finance & investments,investment,no,no,no,white,,male,154,4.6
667,anthony pritzker,3.3,58,hotels,united states,616,3.5,59,united states,hotels,investments,hotels,no,yes,yes,white,jewish,male,228,3.5
691,paul singer,3.2,74,hedge funds,united states,680,3.5,75,united states,hedge funds,finance & investments,investment,no,no,no,white,jewish,male,222,3.6
745,david steward,3,68,it provider,united states,712,3.5,68,united states,it provider,technology,tech,yes,no,no,black,black,male,213,3.7
775,charles simonyi,2.9,70,microsoft,united states,764,3.5,71,united states,microsoft,technology,tech,no,no,no,white,,male,161,4.5
452,henry samueli,4.3,64,semiconductors,united states,804,3.5,65,united states,semiconductors,technology,tech,yes,no,no,white,jewish,male,148,4.7
272,dan cathy,6,66,chick-fil-a,united states,274,3.4,67,united states,chick-fil-a,food & beverage,food,no,yes,yes,white,,male,81,7.1
504,rick caruso,4,60,real estate,united states,280,3.4,61,united states,real estate,real estate,real estate,no,yes,yes,white,,male,197,3.9
645,meg whitman,3.4,62,ebay,united states,590,3.3,63,united states,united states,ebay,tech,no,no,no,white,,female,139,4.8
645,meg whitman,3.4,62,ebay,united states,494,3.3,63,united states,ebay,technology,tech,no,no,no,white,,female,139,4.8
272,bubba cathy,6,65,chick-fil-a,united states,804,3.4,65,united states,chick-fil-a,food & beverage,food,no,yes,yes,white,,male,81,7.1
715,john middleton,3.1,64,tobacco,united states,680,3.3,65,united states,tobacco,food & beverage,retail,no,yes,yes,white,,male,238,3.4
745,arturo moreno,3,72,billboards,united states,743,3.3,73,united states,billboards,anaheim angels,media,yes,yes,no,latino,,male,238,3.4
504,bert beveridge,4,57,vodka,united states,315,3.2,58,united states,vodka,food & beverage,beverages,yes,no,no,white,,male,154,4.6
504,james leprino,4,81,cheese,united states,494,3.2,82,united states,cheese,food & beverage,food,yes,no,no,white,,male,278,3
617,tom golisano,3.5,77,payroll services,united states,514,3.2,78,united states,payroll services,service,misc,yes,no,no,white,,male,238,3.4
645,charles cohen,3.4,67,real estate,united states,616,3.2,68,united states,real estate,real estate,real estate,no,yes,yes,white,jewish,male,228,3.5
645,ken langone,3.4,83,investments,united states,648,3.2,84,united states,investments,finance & investments,investment,no,no,no,white,,male,154,4.6
745,leon g. cooperman,3,76,hedge funds,united states,648,3.2,76,united states,hedge funds,finance & investments,investment,no,no,no,white,jewish,male,339,2.5
745,marc rowan,3,56,private equity,united states,743,3.2,57,united states,private equity,finance & investments,investment,yes,no,no,white,jewish,male,186,4
303,john morris,5.7,71,sporting goods retail,united states,764,3.2,72,united states,sporting goods retail,fashion & retail,retail,yes,no,no,white,,male,181,4.1
775,gayle benson,2.9,72,pro sports teams,united states,764,3.2,73,united states,pro sports teams,sports,finance,no,yes,yes,white,,male,249,3.3
804,jonathan gray,2.8,49,investments,united states,764,3.2,50,united states,investments,finance & investments,investment,no,yes,yes,white,jewish,male,197,3.9
478,thomas pritzker,4.1,69,hotels,united states,451,3.1,69,united states,hotels,investments,hotels,no,yes,yes,white,jewish,male,228,3.5
617,daniel och,3.5,58,hedge funds,united states,494,3.1,59,united states,hedge funds,finance & investments,investment,no,no,no,white,jewish,male,260,3.2
667,allan goldman,3.3,76,real estate,united states,648,3.1,77,united states,real estate,real estate,real estate,no,yes,yes,white,jewish,male,278,3
667,jane goldman,3.3,63,real estate,united states,680,3.1,64,united states,real estate,real estate,real estate,no,yes,yes,white,jewish,female,278,3
667,amy goldman fowler,3.3,65,real estate,united states,648,3.1,65,united states,real estate,real estate,real estate,yes,yes,yes,white,jewish,female,278,3
667,amy goldman fowler,3.3,65,real estate,united states,680,3.1,65,united states,real estate,real estate,real estate,no,yes,yes,white,jewish,female,278,3
667,diane kemper,3.3,73,real estate,united states,680,3.1,74,united states,real estate,real estate,real estate,no,yes,yes,white,,female,278,3
667,diane kemper,3.3,73,real estate,united states,648,3.1,74,united states,real estate,real estate,real estate,yes,yes,yes,white,jewish,female,278,3
715,don hankey,3.1,76,auto loans,united states,680,3.1,76,united states,auto loans,finance & investments,finance,no,yes,no,white,,male,260,3.2
745,steve wynn,3,77,casinos,united states,712,3.1,78,united states,casinos,hotels,gambling,yes,yes,no,white,,male,278,3
804,thomas hagen,2.8,83,insurance,united states,764,3.1,84,united states,insurance,finance & investments,finance,no,yes,yes,white,,male,213,3.7
436,john sall,4.4,71,software,united states,804,3.1,72,united states,software,technology,tech,yes,no,no,white,,male,260,3.2
916,john paul dejoria,2.5,75,hair products,united states,804,3.1,75,united states,hair products,tequila,beverages,yes,no,no,white,,male,319,2.7
529,john brown,3.9,84,medical equipment,united states,451,3,85,united states,medical equipment,healthcare,healthcare,no,no,no,white,,male,170,4.3
546,ira rennert,3.8,85,investments,united states,514,3,85,united states,investments,finance & investments,investment,no,no,no,white,jewish,male,299,2.8
568,barry diller,3.7,77,online media,united states,538,3,78,united states,online media,media & entertainment,tech,no,no,no,white,jewish,male,278,3
617,howard schultz,3.5,66,starbucks,united states,538,3,66,united states,starbucks,food & beverage,beverages,yes,no,no,white,jewish,male,209,3.8
745,joseph liemandt,3,50,software,united states,648,3,51,united states,software,technology,tech,yes,no,no,white,,male,278,3
804,thomas secunda,2.8,65,bloomberg lp,united states,764,3,65,united states,bloomberg lp,media & entertainment,finance,yes,no,no,white,jewish,male,249,3.3
838,james irsay,2.7,60,indianapolis colts,united states,836,3,60,united states,indianapolis colts,sports,sports,no,yes,yes,white,jewish,male,278,3
838,eric smidt,2.7,59,hardware stores,united states,836,3,60,united states,hardware stores,fashion & retail,retail,yes,no,no,white,,male,148,4.7
1008,bennett dorrance,2.3,73,campbell soup,united states,875,3,74,united states,campbell soup,food & beverage,food,no,yes,yes,white,,male,278,3
452,gwendolyn sontheim meyer,4.3,57,cargill,united states,908,3,58,united states,cargill,food & beverage,heavy industry,no,yes,yes,white,,female,268,3.1
1116,thai lee,2.1,60,it provider,united states,1001,3,61,united states,it provider,technology,tech,yes,no,no,asian,asian,female,268,3.1
1116,thai lee,2.1,60,it provider,united states,680,3,61,united states,it provider,technology,tech,yes,no,no,asian,asian,female,268,3.1
691,mark shoen,3.2,68,u-haul,united states,616,2.9,69,united states,u-haul,automotive,logistics,no,yes,yes,white,,male,319,2.7
745,michael rubin,3,46,online retail,united states,712,2.9,47,united states,online retail,fashion & retail,tech,yes,no,no,white,jewish,male,228,3.5
745,patrick ryan,3,82,insurance,united states,764,2.9,82,united states,insurance,finance & investments,finance,yes,yes,no,white,,male,260,3.2
804,glen taylor,2.8,78,printing,united states,764,2.9,78,united states,printing,service,misc,yes,no,no,white,,male,339,2.5
838,daniel d'aniello,2.7,72,private equity,united states,836,2.9,73,united states,private equity,finance & investments,investment,yes,no,no,white,,male,238,3.4
617,scott cook,3.5,66,software,united states,1135,2.9,67,united states,software,technology,tech,yes,no,no,white,chinese,male,213,3.7
745,james jannard,3,70,sunglasses,united states,680,2.8,70,united states,sunglasses,fashion & retail,fashion,yes,no,no,white,,male,319,2.7
804,daniel loeb,2.8,57,hedge funds,united states,764,2.8,58,united states,hedge funds,finance & investments,investment,no,yes,no,white,jewish,male,295,2.9
667,joe mansueto,3.3,62,investment research,united states,836,2.8,63,united states,investment research,finance & investments,finance,yes,no,no,white,,male,197,3.9
838,david rubenstein,2.7,69,private equity,united states,836,2.8,70,united states,private equity,finance & investments,investment,yes,no,no,white,jewish,male,238,3.4
504,marianne liebmann,4,66,cargill,united states,494,2.7,66,united states,cargill,food & beverage,heavy industry,no,yes,yes,white,,female,299,2.8
645,peter kellogg,3.4,76,investments,united states,514,2.7,77,united states,investments,finance & investments,investment,no,yes,yes,white,,male,278,3
645,jon stryker,3.4,61,medical equipment,united states,648,2.7,61,united states,medical equipment,healthcare,healthcare,no,yes,yes,white,,male,222,3.6
715,mark walter,3.1,59,finance,united states,648,2.7,59,united states,finance,finance & investments,finance,yes,no,no,white,,male,213,3.7
804,haim saban,2.8,74,tv network,united states,743,2.7,75,united states,tv network,investments,media,yes,no,no,middle eastern,,male,295,2.9
838,jimmy haslam,2.7,65,gas stations,united states,836,2.7,66,united states,gas stations,retail,retail,no,yes,no,white,,male,295,2.9
877,sean parker,2.6,39,facebook,united states,836,2.7,40,united states,facebook,technology,tech,yes,no,no,white,,male,319,2.7
478,fred smith,4.1,74,fedex,united states,875,2.7,75,united states,fedex,logistics,logistics,yes,yes,no,white,,male,197,3.9
916,eric lefkofsky,2.5,49,groupon,united states,908,2.7,50,united states,groupon,technology,tech,yes,no,no,white,jewish,male,268,3.1
916,bob parsons,2.5,68,web hosting,united states,908,2.7,69,united states,web hosting,technology,tech,yes,no,no,white,,male,378,2.2
1116,jeffrey lurie,2.1,67,philadelphia eagles,united states,945,2.7,68,united states,philadelphia eagles,sports,media,no,yes,yes,white,jewish,male,319,2.7
1116,antony ressler,2.1,57,finance,united states,1135,2.7,58,united states,finance,finance & investments,investment,no,no,no,white,jewish,male,228,3.5
311,jim davis,5.6,76,new balance,united states,308,2.6,60,united states,staffing & recruiting,service,fashion,yes,no,no,white,,male,85,6.9
311,jim davis,5.6,76,new balance,united states,308,2.6,60,united states,staffing & recruiting,service,fashion,yes,no,no,white,,male,238,3.4
804,jim davis,2.8,59,staffing & recruiting,united states,315,2.6,60,united states,staffing & recruiting,service,misc,yes,no,no,white,,male,85,6.9
804,jim davis,2.8,59,staffing & recruiting,united states,315,2.6,60,united states,staffing & recruiting,service,misc,yes,no,no,white,,male,238,3.4
343,jack dorsey,5.1,42,twitter,united states,315,2.6,43,united states,twitter,square,tech,yes,no,no,white,,male,90,6.8
804,b. wayne hughes,2.8,85,self storage,united states,712,2.6,86,united states,self storage,service,real estate,yes,no,no,white,,male,299,2.8
838,john henry,2.7,69,sports,united states,804,2.6,70,united states,sports,sports,investment,no,yes,no,white,,male,299,2.8
877,noam gottesman,2.6,58,hedge funds,united states,836,2.6,58,united states,hedge funds,finance & investments,investment,no,no,no,white,jewish,male,359,2.3
877,john pritzker,2.6,65,hotels,united states,875,2.6,66,united states,hotels,investments,hotels,no,yes,yes,white,jewish,male,339,2.5
877,ty warner,2.6,74,real estate,united states,908,2.6,75,united states,real estate,plush toys,retail,yes,yes,no,white,,male,359,2.3
1057,jim coulter,2.2,59,private equity,united states,908,2.6,60,united states,private equity,finance & investments,investment,no,no,no,white,,male,359,2.3
1057,dan snyder,2.2,54,washington redskins,united states,1063,2.6,55,united states,washington redskins,sports,media,yes,yes,no,white,jewish,male,327,2.6
1227,chris larsen,1.9,59,cryptocurrency,united states,1063,2.6,59,united states,cryptocurrency,finance & investments,tech,yes,no,no,white,,male,319,2.7
298,travis kalanick,5.8,42,uber,united states,1135,2.6,43,united states,uber,technology,tech,yes,no,no,white,,male,327,2.6
1281,william berkley,1.8,72,insurance,united states,1196,2.6,73,united states,insurance,finance & investments,finance,yes,no,no,white,,male,299,2.8
597,brian acton,3.6,47,whatsapp,united states,330,2.5,48,united states,whatsapp,technology,tech,yes,no,no,white,,male,339,2.5
597,judy faulkner,3.6,75,health it,united states,590,2.5,76,united states,health it,technology,healthcare,yes,no,no,white,,male,115,5.5
645,herb simon,3.4,84,real estate,united states,616,2.5,85,united states,real estate,real estate,real estate,no,no,no,white,jewish,male,327,2.6
775,mortimer zuckerman,2.9,82,real estate,united states,648,2.5,82,united states,real estate,media,real estate,no,yes,no,white,,male,327,2.6
804,johnelle hunt,2.8,87,trucking,united states,804,2.5,88,united states,trucking,logistics,logistics,no,yes,yes,white,,female,249,3.3
838,phil ruffin,2.7,84,casinos,united states,804,2.5,85,united states,casinos,real estate,gambling,no,yes,no,middle eastern,,male,359,2.3
877,penny pritzker,2.6,60,hotels,united states,875,2.5,60,united states,hotels,investments,hotels,no,yes,yes,white,jewish,female,319,2.7
916,oprah winfrey,2.5,65,tv shows,united states,908,2.5,66,united states,tv shows,media & entertainment,media,yes,no,no,black,,female,327,2.6
962,mark stevens,2.4,59,venture capital,united states,945,2.5,60,united states,venture capital,finance & investments,investment,no,no,no,white,,male,268,3.1
1008,alan trefler,2.3,63,software,united states,945,2.5,64,united states,software,technology,tech,yes,no,no,white,jewish,female,181,4.1
1349,peter gassner,1.7,54,software,united states,1001,2.5,55,united states,software,technology,tech,yes,no,no,white,,male,161,4.5
334,robert rowling,5.3,65,hotels,united states,1267,2.5,66,united states,hotels,investments,hotels,no,yes,no,white,,male,197,3.9
775,rakesh gangwal,2.9,65,airline,united states,616,2.4,66,united states,airline,service,misc,yes,no,no,asian,indian,male,359,2.3
804,richard peery,2.8,80,real estate,united states,764,2.4,81,united states,real estate,real estate,real estate,no,yes,no,white,,male,319,2.7
838,jeff rothschild,2.7,64,facebook,united states,836,2.4,65,united states,facebook,technology,tech,no,yes,no,white,,male,249,3.3
838,e. joe shoen,2.7,69,u-haul,united states,875,2.4,70,united states,u-haul,automotive,automotive,no,yes,yes,white,,male,359,2.3
877,jerry yang,2.6,50,yahoo,united states,875,2.4,51,united states,yahoo,technology,tech,yes,no,no,asian,,male,359,2.3
962,norman braman,2.4,86,art,united states,908,2.4,87,united states,art,car dealerships,automotive,no,yes,no,white,jewish,male,299,2.8
962,c. dean metropoulos,2.4,73,investments,united states,945,2.4,73,united states,investments,food & beverage,investment,no,no, no,white,greek,male,339,2.5
478,kelcy warren,4.1,63,pipelines,united states,945,2.2,64,united states,pipelines,energy,heavy industry,yes,no,no,white,,female,299,2.8
478,kelcy warren,4.1,63,pipelines,united states,1063,2.2,64,united states,pipelines,energy,heavy industry,yes,no,no,white,,female,299,2.8
962,herbert wertheim,2.4,80,investments,united states,945,2.4,80,united states,investments,finance & investments,heavy industry,yes,no,no,white,jewish,male,268,3.1
1008,brad kelley,2.3,62,tobacco,united states,1001,2.4,63,united states,tobacco,real estate,misc,yes,no,no,white,,male,339,2.5
617,elizabeth johnson,3.5,56,money management,united states,1335,2.4,56,united states,money management,finance & investments,finance,no,yes,yes,white,,female,238,3.4
745,jim breyer,3,57,venture capital,united states,743,2.3,58,united states,venture capital,technology,investment,no,no,no,white,jewish,male,353,2.4
916,warren stephens,2.5,62,investment banking,united states,875,2.3,63,united states,investment banking,finance & investments,investment,yes,yes,no,white,,male,327,2.6
916,peter thiel,2.5,51,facebook,united states,945,2.3,52,united states,facebook,palantir,investment,no,no,no,white,,male,391,2.1
962,david walentas,2.4,80,real estate,united states,945,2.3,81,united states,real estate,real estate,real estate,no,no,no,white,jewish,male,378,2.2
715,jean (gigi) pritzker,3.1,57,hotels,united states,1001,2.3,57,united states,hotels,investments,hotels,no,yes,yes,white,jewish,female,327,2.6
1008,daniel pritzker,2.3,59,hotels,united states,1001,2.3,60,united states,hotels,investments,hotels,no,yes,yes,white,jewish,male,353,2.4
1008,stewart rahr,2.3,73,drug distribution,united states,1001,2.3,74,united states,drug distribution,healthcare,healthcare,yes,no,no,white,jewish,male,359,2.3
1057,ron baron,2.2,76,money management,united states,1001,2.3,76,united states,money management,finance & investments,investment,no,no,no,white,jewish,male,295,2.9
1057,clayton mathile,2.2,78,pet food,united states,1063,2.3,79,united states,pet food,food & beverage,food,no,no,no,white,,male,359,2.3
745,jeffery hildebrand,3,60,oil,united states,494,2.2,61,united states,oil,energy,energy,yes,no,no,white,,male,222,3.6
877,doris fisher,2.6,87,gap,united states,764,2.2,88,united states,gap,fashion & retail,fashion,yes,no,no,white,jewish,female,359,2.3
916,joseph grendys,2.5,57,poultry processing,united states,875,2.2,58,united states,poultry processing,food & beverage,food,no,no,no,white,,male,359,2.3
1057,todd christopher,2.2,56,hair care products,united states,908,2.2,57,united states,hair care products,fashion & retail,fashion,yes,no,no,white,,male,359,2.3
1057,brian sheth,2.2,43,investments,united states,1063,2.2,44,united states,investments,finance & investments,investment,no,no,no,asian,indian,male,359,2.3
1057,jon yarbrough,2.2,62,video games,united states,1063,2.2,62,united states,video games,gambling & casinos,gambling,yes,no,no,white,,male,327,2.6
1116,james clark,2.1,75,netscape,united states,1063,2.2,76,united states,netscape,investments,tech,yes,no,no,white,,male,353,2.4
1116,kavitark ram shriram,2.1,62,venture capital,united states,1135,2.2,63,united states,venture capital,google,investment,no,no,no,asian,indian,male,359,2.3
1168,bruce karsh,2,63,private equity,united states,1135,2.2,64,united states,private equity,finance & investments,investment,no, no,no,white,jewish,male,391,2.1
1168,howard marks,2,73,private equity,united states,1135,2.2,73,united states,private equity,finance & investments,investment,no, no,no,white,jewish,male,391,2.1
1227,jim kavanaugh,1.9,56,it provider,united states,1196,2.2,57,united states,it provider,technology,tech,no,no,no,white,,male,359,2.3
1227,william lauder,1.9,59,estee lauder,united states,1196,2.2,59,united states,estee lauder,fashion & retail,fashion,no,yes,yes,white,,male,299,2.8
645,alejandro santo domingo,3.4,42,beer,united states,361,2.1,43,united states,beer,food & beverage,beverages,no,yes,yes,latino,,male,299,2.8
645,andres santo domingo,3.4,41,beer,united states,648,2.1,41,united states,beer,food & beverage,beverages,no,yes,yes,latino,,male,299,2.8
667,jay paul,3.3,72,real estate,united states,648,2.1,72,united states,real estate,real estate,real estate,no,no,no,white,,male,238,3.4
715,donald trump,3.1,73,television,united states,680,2.1,73,united states,real estate,real estate,real estate,no,yes,yes,white,,male,339,2.5
838,gerald ford,2.7,74,banking,united states,743,2.1,75,united states,banking,finance & investments,finance,no,no,no,white,,male,391,2.1
877,john fisher,2.6,58,gap,united states,836,2.1,58,united states,gap,fashion & retail,fashion,no,yes,yes,white,jewish,male,353,2.4
916,john arrillaga,2.5,82,real estate,united states,875,2.1,83,united states,real estate,real estate,real estate,no,no,no,white,spanish,male,339,2.5
916,bill austin,2.5,77,hearing aids,united states,908,2.1,78,united states,hearing aids,manufacturing,heavy industry,yes,no,no,white,,male,378,2.2
916,aerin lauder,2.5,49,cosmetics,united states,908,2.1,49,united states,cosmetics,fashion & retail,fashion,no,yes,yes,white,,female,327,2.6
1057,ted turner,2.2,80,cable television,united states,1001,2.1,81,united states,cable television,media & entertainment,media,yes,no,no,white,,male,378,2.2
1057,charles zegar,2.2,71,bloomberg lp,united states,1063,2.1,72,united states,bloomberg lp,media & entertainment,tech,yes,no,no,white,jewish,male,353,2.4
1116,gordon getty,2.1,85,getty oil,united states,1063,2.1,86,united states,getty oil,energy,energy,no,yes,yes,white,,male,391,2.1
1168,jeffrey gundlach,2,60,investments,united states,1135,2.1,61,united states,investments,finance & investments,investment,no,no,no,white,jewish,male,378,2.2
379,david filo,4.8,53,yahoo,united states,1196,2.1,53,united states,yahoo,technology,tech,yes,no,no,white,,male,249,3.3
1281,leonard schleifer,1.8,67,pharmaceuticals,united states,1267,2.1,67,united states,pharmaceuticals,healthcare,healthcare,yes,no,no,white,jewish,male,339,2.5
1008,david gottesman,2.3,93,investments,united states,945,2,93,united states,investments,finance & investments,investment,no,yes,no,white,jewish,male,378,2.2
1057,alec gores,2.2,66,private equity,united states,1001,2,67,united states,private equity,finance & investments,investment,no,no,no,white,greek,male,391,2.1
1116,vinod khosla,2.1,64,venture capital,united states,1063,2,65,united states,venture capital,technology,investment,no,no,no,asian,indian,male,353,2.4
1227,rodney sacks,1.9,69,energy drinks,united states,1196,2,70,united states,energy drinks,food & beverage,beverages,yes,yes,no,white,jewish,male,339,2.5
1281,ronald wanek,1.8,78,furniture,united states,1267,2,78,united states,furniture,manufacturing,heavy industry,yes,no,no,white,,male,154,4.6
838,vincent viola,2.7,63,electronic trading,united states,1335,2,64,united states,electronic trading,finance & investments,finance,yes,no,no,white,,male,339,2.5
775,nick caporella,2.9,83,beverages,united states,680,1.9,84,united states,beverages,food & beverage,beverages,yes,no,no,white,,male,299,2.8
1116,bobby murphy,2.1,31,snapchat,united states,908,1.9,31,united states,snapchat,technology,tech,yes,no,no,asian,,male,148,4.7
1116,evan spiegel,2.1,29,snapchat,united states,1135,1.9,29,united states,snapchat,technology,tech,yes,no,no,white,jewish,male,161,4.5
691,sid bass,3.2,77,oil,united states,1335,1.9,77,united states,oil,investments,energy,no,yes,yes,white,,male,359,2.3
1281,robert duggan,1.8,75,pharmaceuticals,united states,1063,1.8,75,united states,pharmaceuticals,healthcare,healthcare,yes,no,no,white,,male,378,2.2
1425,evan williams,1.6,47,twitter,united states,1415,1.8,48,united states,twitter,technology,tech,yes,no,no,white,,male,378,2.2
962,aneel bhusri,2.4,53,business software,united states,764,1.7,54,united states,business software,technology,tech,yes,no,no,asian,indian,male,359,2.3
1057,phillip t. (terry) ragon,2.2,70,health it,united states,945,1.7,70,united states,health it,technology,tech,yes,no,no,latino,colombian,male,378,2.2
775,timothy boyle,2.9,69,columbia sportswear,united states,1513,1.7,70,united states,columbia sportswear,fashion & retail,fashion,no,yes,no,white,,male,378,2.2
1511,chad richison,1.5,48,payroll processing,united states,1415,1.6,49,united states,payroll processing,technology,tech,no,no,no,white,,male,359,2.3
1941,anthony wood,1.1,53,roku,united states,1730,1.6,54,united states,roku,technology,tech,yes,no,no,white,,male,228,3.5
1168,phillip frost,2,82,pharmaceuticals,united states,1135,1.5,83,united states,pharmaceuticals,healthcare,healthcare,no,no,no,white,jewish,male,339,2.5
1349,bradley jacobs,1.7,63,logistics,united states,1335,1.5,63,united states,logistics,logistics,logistics,yes,no,no,white,,male,391,2.1
1941,alice schwartz,1.1,93,biotech,united states,1613,1.5,93,united states,biotech,healthcare,healthcare,yes,no,no,white,jewish,female,378,2.2
1941,william ackman,1.1,53,hedge funds,united states,1851,1.4,53,united states,hedge funds,finance & investments,investment,no,yes,no,white,jewish,male,391,2.1
1116,osman kibar,2.1,48,biotech,united states,1990,1.4,49,united states,biotech,healthcare,healthcare,yes,no,no,middle eastern,,male,278,3
1227,william stone,1.9,64,software,united states,1267,1.3,64,united states,software,technology,tech,yes,no,no,white,,male,391,2.1
1941,jim koch,1.1,70,beer,united states,1851,1.3,70,united states,beer,food & beverage,beverages,yes,no,no,white,,male,327,2.6
1941,jeff green,1.1,42,digital advertising,united states,1851,1,43,united states,digital advertising,media & entertainment,tech,yes,no,no,white,,male,327,2.6